ITEM;IDTIPOFT2;IDFAMILIA;ESTADOFT_DETEC;TEXTOESTADOFT_DETEC;STATUSFT;TEXTOSTATUSFT;IDCLIENTE;REFERENCIA;CODIGOREFERENCIA;TIPOABNT;EXIGELAUDO;GRAMATURA;COLUNAMINIMO;COBBINTMAXIMO;COMPRESSAO;COMPOSICAO;LARGURA;REFILOLARGURA;COMPRIMENTO;REFILOCOMPRIMENTO;MULTLARG;MULTCOMP;ARRANJO;REFUGOCLIENTE;VINCOLARG1;VINCOLARG2;VINCOLARG3;VINCOCOMP1;VINCOCOMP2;VINCOCOMP3;VINCOCOMP4;VINCOCOMP5;LAP;PROLONGLAP;LAPNOCOMP;LAPINTERNO;REFILADO;RESINAINTERNA;AMARRADO;PALETIZADO;PACOTESLARGURA;PACOTESCOMPRIMENTO;PACOTESALTURA;PECASPORPACOTE;PECASPORPALETE;PACOTESPORPALETE;UNIDADESPORPALETE;ESPELHO;FILME;FACA;COR1;CONSUMOCOR1;COR2;CONSUMOCOR2;COR3;CONSUMOCOR3;COR4;CONSUMOCOR4;NRCORES;LARGURAINTERNA;COMPRIMENTOINTERNO;ALTURAINTERNA;LARGPECA;COMPPECA;COMPPACOTE;LARGPACOTE;ALTURAPACOTE;COMMPALETEFECHADO;LARGPALETEFECHADO;ALTURAPALETEFECHADO;PESOCAIXA;PATHFIGURADOLASTRO;IDPALETE;AREABRUTAPECACOMREFILOS;AREABRUTAPECA;AREALIQUIDAPECA;AREABRUTACHAPA;AREALIQUIDACHAPA;VOLUMEPALETEFECHADOM3;VOLUMEPACOTEFECHADOM3
688594;;28.0;1;Desenvolvimento;3;Suspensa (Vendas) Desenvolvimento (DETEC);1705;ACESSÓRIO  C  DA CAIXA 24607;;29;1;614.0;7.5;45.0;;A1S-DC;435;0;830;0;3;2;6;0.0;;;;;;;;;0;0;-1;-1;1;0;0;0;1.0;1.0;1.0;0.0;0.0;1.0;0.0;0;0;FAZER;;;;;;;;;0;145.0;415.0;0.0;145.0;415.0;;;;;;;36.0;;;0.060175;0.060175;0.060175;0.36105;0.36105;;
678160;;0.0;0;Amostra;3;Suspensa (Vendas) Amostra (DETEC);11905;CX EVOLUTION AZ;;83;1;421.0;4.5;45.0;;B1S-B;593;10;1255;10;1;1;1;10.9;;;;;;;;;0;0;0;1;1;0;1;1;2.0;2.0;8.0;25.0;800.0;32.0;800.0;1;1;FAZER;;;;;;;;;0;265.0;340.0;265.0;583.0;1245.0;610.0;583.0;142.0;1200.0;1220.0;1290.0;272.0;22.bmp;42.0;0.744215;0.725835;0.646718985;0.744215;0.725835;1.88856;0.050499
822990;;15.0;1;Desenvolvimento;3;Suspensa (Vendas) Desenvolvimento (DETEC);9747;62314 - CHEF FOODS _ CAIXA AZUL;62314;CN;1;574.0;7.5;12.0;;A12-B;540;0;1439;0;1;1;1;2.1125781792911744;152.0;236.0;152.0;30.0;303.0;403.0;303.0;400.0;30;0;0;1;1;1;1;1;1.0;2.0;8.0;25.0;400.0;16.0;400.0;1;1;;;;AZUL 293;;;;PRETO;;2;300.0;400.0;230.0;540.0;1439.0;706.0;540.0;150.0;1100.0;800.0;1350.0;437.0;21.bmp;7.0;0.77706;0.77706;0.760644;0.77706;0.77706;1.188;0.057186
639450;;9.0;0;Amostra;3;Suspensa (Vendas) Amostra (DETEC);10828;Projeto Novo (355420);355420;130;1;525.0;6.0;45.0;;K10-C;594;15;1448;10;1;2;2;17.5;;;;;;;;;0;0;-1;-1;1;0;1;1;1.0;2.0;16.0;25.0;800.0;32.0;800.0;1;1;FAZER;;;AZUL CYAN;;;;;;1;259.0;388.0;109.0;579.0;719.0;719.0;579.0;100.0;1200.0;800.0;1790.0;180.0;12.bmp;50.0;0.430056;0.416301;0.34344832499999994;0.860112;0.832602;1.7184;0.04163
838060;;11.0;2;Ativa;3;Suspensa (Vendas) Ativa (DETEC);14444;Caixa de Morango DOM FRUTO;;34;0;;6.0;;;B10-B;653;15;1555;10;1;3;3;21.6;;;;;;;;;0;0;-1;-1;1;0;1;1;2.0;2.0;8.0;50.0;1600.0;32.0;1600.0;1;1;8175;VERDE 317;25.0;AZUL 288;1045.0;VERMELHO 11;86.0;;;3;228.0;313.0;72.0;638.0;515.0;638.0;515.0;150.0;1276.0;1030.0;1350.0;;22.bmp;24.0;0.33847166666666667;0.32857;0.25759888;1.015415;0.98571;1.774278;0.049286
681720;;57.0;1;Desenvolvimento;3;Suspensa (Vendas) Desenvolvimento (DETEC);11816;ACESSÓRIO VINCADO CÓDIGO 1220110;29161;108;1;510.0;6.0;45.0;;A1S-DC;1070;0;1190;0;1;2;2;2.0;340.0;390.0;340.0;;;;;;0;0;-1;-1;1;0;1;1;1.0;2.0;5.0;25.0;250.0;10.0;250.0;1;1;;;;;;;;;;0;390.0;340.0;340.0;1070.0;595.0;516.0;376.0;236.0;1236.0;1200.0;1290.0;767.0;32.bmp;64.0;0.63665;0.63665;0.623917;1.2733;1.2733;1.913328;0.045788
747702;;26.0;1;Desenvolvimento;3;Suspensa (Vendas) Desenvolvimento (DETEC);12609;Chapa;;43;0;;;;;A1-B;635;10;990;10;5;4;20;0.0;;;;;;;;;0;0;-1;-1;1;0;0;0;1.0;1.0;1.0;100.0;100.0;1.0;100.0;0;0;Fazer;;;;;;;;;0;245.0;245.0;125.0;125.0;245.0;;;;1200.0;1000.0;1350.0;;;236.0;0.0314325;0.030625000000000003;0.030625000000000003;0.62865;0.6125;1.62;
739670;;50.0;0;Amostra;3;Suspensa (Vendas) Amostra (DETEC);12593;CPP - 06;;92;0;;;;;A2-DC;723;15;1278;10;1;1;1;7.2;;;;;;;;;0;0;-1;-1;1;0;1;1;2.0;2.0;16.0;25.0;1600.0;64.0;1600.0;1;1;FAZER;;;;;;;;;0;602.0;606.0;9.0;708.0;1268.0;1268.0;708.0;71.0;1422.0;1154.0;1290.0;;;35.0;0.923994;0.897744;0.8331064319999999;0.923994;0.897744;2.116875;0.06374
753580;;26.0;0;Amostra;3;Suspensa (Vendas) Amostra (DETEC);13106;Nº3 - 6,8kg (Presunto/ Calabresa);;CN;0;;8.0;12.0;;A10S-B;365;0;1129;0;1;1;1;3.727386340196804;122.0;121.0;122.0;40.0;243.0;303.0;243.0;300.0;40;0;0;1;1;1;1;1;3.0;2.0;8.0;25.0;1200.0;48.0;1200.0;1;0;;;;;;;;;;0;240.0;300.0;115.0;365.0;1129.0;1.0;1.0;1.0;1256.0;1200.0;1230.0;199.0;;42.0;0.412085;0.412085;0.396725;0.412085;0.412085;1.853856;0.0
591820;;;3;Suspenso;3;Suspensa (Vendas) Suspensa (DETEC);9935;CHAPA - 1335 X 635 - B1S-B;;CH;0;;;;;B1S-B;635;0;1335;0;1;1;1;0.0;;;;;;;;;0;0;-1;-1;1;0;0;0;1.0;1.0;1.0;1.0;1.0;1.0;1.0;0;0;;;;;;;;;;0;635.0;1335.0;0.0;635.0;1335.0;;;;1335.0;635.0;3.0;;;37.0;0.847725;0.847725;0.847725;0.847725;0.847725;0.002543;
176490;;34.0;4;Desativada;4;Desativada (DETEC);6752;Nº 02 - G ;;CN;1;502.0;7.0;40.0;;A10S-B;780;0;1849;0;1;1;1;1.4976910596164246;202.0;376.0;202.0;30.0;403.0;508.0;403.0;505.0;30;50;0;1;1;0;1;0;1.0;2.0;9.0;25.0;450.0;18.0;450.0;0;0;;;;;;;;PRETO;725.0;1;400.0;505.0;370.0;780.0;1849.0;911.0;780.0;150.0;;;;713.0;;37.0;1.44222;1.44222;1.42062;1.44222;1.44222;;0.106587
773820;;19.0;2;Ativa;4;Desativada (Faca) Desativada (Clichê) Suspensa (Vendas) Ativa (DETEC);1367;Caixa 300135 ( BLOCK );300135;83;1;379.0;4.5;40.0;;B1-B;881;15;1090;10;2;1;2;23.12;;;;;;;;;30;0;0;1;1;0;1;1;2.0;2.0;8.0;25.0;800.0;32.0;800.0;1;1;6969;;;VERMELHO 185;648.0;VERMELHO 201;222.0;PRETO;47.0;3;255.0;270.0;130.0;433.0;1080.0;526.0;433.0;145.0;1052.0;866.0;1310.0;136.0;22.bmp;15.0;0.480145;0.46764;0.359521632;0.96029;0.93528;1.193452;0.033025
463650;;19.0;4;Desativada;4;Desativada (DETEC);5436;EMBALAGEM PARA SACOS DE PAPEL;;CN;0;;6.3;;;A2-BC;793;0;2095;0;1;1;1;2.0;242.0;309.0;242.0;30.0;482.0;552.0;482.0;549.0;30;0;0;1;1;0;1;1;1.0;1.0;6.0;15.0;90.0;6.0;90.0;1;1;;;;;;;;;;0;475.0;545.0;295.0;793.0;2095.0;;;;1100.0;800.0;1350.0;;;7.0;1.661335;1.661335;1.6281083;1.661335;1.661335;1.188;
396782;;9.0;0;Amostra;3;Suspensa (Vendas) Amostra (DETEC);6650;LEITE EM PO 40x200 Grs (TAB.);;29;0;715.0;7.0;;;A2-BC;400;0;170;0;1;1;1;0.0;;;;;;;;;0;0;-1;-1;1;0;1;0;1.0;1.0;1.0;15.0;15.0;1.0;15.0;0;0;;;;;;;;;;0;310.0;400.0;170.0;400.0;170.0;;;;;;;;;;0.068;0.068;0.068;0.068;0.068;;
792070;;46.0;1;Desenvolvimento;3;Suspensa (Vendas) Desenvolvimento (DETEC);12487;ME380U - AUTOMÁTICA;ME380U;27;1;497.0;6.0;40.0;;B10-B;588;15;531;10;1;1;1;15.0;;;;;;;;;0;0;-1;-1;1;0;1;1;2.0;2.0;11.0;25.0;1100.0;44.0;1100.0;1;1;FAZER;;;;;VERMELHO 206;58.0;PRETO;62.0;2;96.0;346.0;164.0;573.0;521.0;573.0;521.0;150.0;1200.0;1000.0;1800.0;126.0;2x2(hamburguer).bmp;24.0;0.312228;0.298533;0.25375305;0.312228;0.298533;2.16;0.04478
318480;;;4;Desativada;4;Desativada (DETEC);9769;395900-CPO-0201-MM-V-05;395900;CN;1;508.0;7.0;30.0;227.0;K10-B;370;0;1069;0;1;1;1;2.67;117.0;136.0;117.0;30.0;233.0;288.0;233.0;285.0;30;50;0;1;1;0;1;1;3.0;2.0;12.0;25.0;1800.0;72.0;1800.0;1;1;;;;;;VERMELHO 485;80.0;PRETO;179.0;2;230.0;285.0;130.0;370.0;1069.0;521.0;370.0;142.0;1200.0;1042.0;1860.0;195.0;32.bmp;24.0;0.39553;0.39553;0.384969349;0.39553;0.39553;2.325744;0.027373
736420;;33.0;1;Desenvolvimento;3;Suspensa (Vendas) Desenvolvimento (DETEC);12847;6 Unid x 1,5 Litros - Zottonelli;1;CN;1;369.0;4.5;40.0;;A1-B;515;0;1053;0;1;1;1;2.021409011700274;103.0;309.0;103.0;30.0;206.0;307.0;206.0;304.0;30;0;0;1;1;0;1;1;2.0;1.0;8.0;25.0;400.0;16.0;400.0;1;1;;;;VERDE 03;;LILAS 512;;;;2;203.0;304.0;303.0;515.0;1053.0;1.0;1.0;146.0;1300.0;820.0;1350.0;196.0;21.bmp;11.0;0.542295;0.542295;0.5313329999999999;0.542295;0.542295;1.4391;0.0
756331;;37.0;0;Amostra;3;Suspensa (Vendas) Amostra (DETEC);8633;NEW MODEL - CHILI 10 KG ( FUNDO );;17;0;502.0;7.0;40.0;;A10S-B;1178;15;889;10;1;1;1;14.38;;;;;;;;;0;0;-1;-1;1;0;1;1;1.0;2.0;10.0;25.0;500.0;20.0;500.0;1;1;FAZER;;;;;;;;;0;330.0;480.0;200.0;1163.0;879.0;1163.0;879.0;75.0;1564.0;942.0;1330.0;439.0;;18.0;1.047242;1.022277;0.8752735674000001;1.047242;1.022277;1.959473;0.076671
746650;;63.0;3;Suspenso;3;Suspensa (Vendas) Suspensa (DETEC);12977;CHAPA TPA 07 L BCA ( 430 x 700 );;122;1;419.0;6.0;40.0;;B2-B;430;0;1400;0;1;2;2;0.0;;;;;;;;;0;0;-1;-1;1;0;0;1;2.0;2.0;8.0;50.0;1600.0;32.0;1600.0;0;1;;;;;;;;;;0;430.0;700.0;0.0;430.0;700.0;700.0;430.0;150.0;1400.0;900.0;1350.0;126.0;22.BMP;95.0;0.301;0.301;0.301;0.602;0.602;1.701;0.04515
700890;;17.0;2;Ativa;4;Desativada (Clichê) Suspensa (Vendas) Ativa (DETEC);1705;25667;;CN;1;369.0;4.5;40.0;;A1-B;301;0;1041;0;1;1;1;3.033117274790085;90.0;121.0;90.0;30.0;179.0;328.0;179.0;325.0;30;0;0;1;1;0;1;1;2.0;4.0;8.0;25.0;1600.0;64.0;1600.0;1;1;;;;;;VERMELHO 11;769.0;;;1;176.0;325.0;115.0;301.0;1041.0;507.0;301.0;142.0;1204.0;1014.0;1290.0;112.0;24.bmp;24.0;0.313341;0.313341;0.30383699999999997;0.313341;0.313341;1.574904;0.02167
467421;;5.0;4;Desativada;4;Desativada (Faca) Desativada (DETEC);10311;Uva Barão Fundo;;17;0;;;15.0;;B18S-C;887;15;1358;10;1;2;2;6.3;;;;;;;;;0;0;-1;-1;1;1;1;0;1.0;2.0;18.0;25.0;900.0;36.0;900.0;1;0;4256;AZUL 300;;LILAS 10;;VERDE 9;;;;3;256.0;383.0;143.0;872.0;674.0;;;;;;;;;37.0;0.602273;0.587728;0.550701136;1.204546;1.175456;;
621840;;55.0;1;Desenvolvimento;3;Suspensa (Vendas) Desenvolvimento (DETEC);5976;Ref.: 917;;CNAS;0;;;;;K2-B;502;0;1539;0;1;1;1;2.0;209.0;124.0;169.0;30.0;338.0;418.0;338.0;415.0;30;0;0;1;1;0;1;0;1.0;1.0;1.0;25.0;25.0;1.0;25.0;0;0;FAZER;;;;;VERMELHO 11;;PRETO;;2;335.0;415.0;115.0;502.0;1539.0;1.0;1.0;1.0;0.0;0.0;0.0;;;37.0;0.772578;0.772578;0.75712644;0.772578;0.772578;0.0;0.0
636720;;2.0;0;Amostra;3;Suspensa (Vendas) Amostra (DETEC);1172;103747 - 12 Kg Exp JAPÃO ( BRANCA) TPA;;16;1;412.0;4.5;;;B1S-D;841;15;1843;10;1;3;3;2.4;;;;;;;;;0;0;-1;-1;1;0;1;1;1.0;2.0;18.0;50.0;1800.0;36.0;1800.0;1;1;Fazer;;;;;;;;;0;451.0;480.0;80.0;826.0;611.0;611.0;826.0;100.0;1220.0;1000.0;1800.0;204.0;12.bmp;24.0;0.5166543333333333;0.504686;0.492573536;1.549963;1.514058;2.196;0.050469
169090;;;4;Desativada;4;Desativada (DETEC);1758;24 Pctes. de Vela;;CN;0;;;;;K2-B;375;0;971;0;1;1;1;2.7;103.0;169.0;103.0;30.0;206.0;266.0;206.0;263.0;30;0;0;1;1;0;1;0;3.0;3.0;10.0;25.0;2250.0;90.0;2250.0;0;0;;LARANJA 2;;PRETO;;;;;;2;203.0;263.0;163.0;375.0;971.0;;;;;;;;;47.0;0.364125;0.364125;0.35429362499999995;0.364125;0.364125;;
684510;;29.0;1;Desenvolvimento;3;Suspensa (Vendas) Desenvolvimento (DETEC);1870;MK 261 / 200R;;CN;1;372.0;4.5;45.0;;K1G-B;948;0;1601;0;1;1;1;2.0;186.0;576.0;186.0;30.0;371.0;416.0;371.0;413.0;30;0;0;1;1;0;1;1;1.0;1.0;8.0;25.0;200.0;8.0;200.0;1;1;;;;;;;;;;0;368.0;413.0;570.0;948.0;1601.0;948.0;787.0;142.0;1000.0;850.0;1290.0;553.0;11.bmp;15.0;1.517748;1.517748;1.4873930400000002;1.517748;1.517748;1.0965;0.105943
887560;;30.0;1;Desenvolvimento;3;Suspensa (Vendas) Desenvolvimento (DETEC);1838;0306.1495 - Teste altura 1;0306.1495;27;1;412.0;4.5;;;B1-D;1939;15;227;15;1;1;1;3.68;;;;;;;;;0;0;-1;-1;1;0;0;1;4.0;1.0;11.0;50.0;2200.0;44.0;2200.0;1;1;FAZER;;;;;;;;;0;332.0;602.0;90.0;1924.0;212.0;1924.0;212.0;100.0;2000.0;850.0;1280.0;162.0;14.bmp;91.0;0.440153;0.407888;0.3928777216;0.440153;0.407888;2.176;0.040789
588720;;19.0;4;Desativada;4;Desativada (Faca) Desativada (DETEC);10242;Descarbox 3 litros;;99;0;361.0;4.5;;;K1G-B;866;20;1760;20;2;3;6;14.0;;;;;;;;;30;0;0;1;1;0;0;1;2.0;2.0;8.0;50.0;1600.0;32.0;1600.0;1;1;5713 ;BRANCO CONCEN;;AMARELO 18;;;;PRETO;;3;120.0;150.0;170.0;423.0;580.0;;;;1200.0;846.0;1350.0;76.0;;227.0;0.2540266666666667;0.24534;0.2109924;1.52416;1.47204;1.37052;
718170;;53.0;1;Desenvolvimento;3;Suspensa (Vendas) Desenvolvimento (DETEC);12572;Chemix 500 g ( Maior );;CN;0;377.0;4.5;40.0;;K1G-B;479;0;1059;0;1;1;1;2.288762589672772;109.0;261.0;109.0;30.0;218.0;298.0;218.0;295.0;30;0;0;1;1;0;1;1;2.0;2.0;8.0;25.0;800.0;32.0;800.0;1;1;;;;;;;;;;0;215.0;295.0;255.0;479.0;1059.0;516.0;479.0;143.0;1096.0;980.0;1350.0;186.0;22.bmp;21.0;0.507261;0.507261;0.49565099999999995;0.507261;0.507261;1.450008;0.035344
422752;;33.0;4;Desativada;4;Desativada (DETEC);1959;Cjto Divisão Montada - Cx nº 15;;DIV;1;;;;;K2-B;220;0;744;0;1;1;1;1.6;104.0;104.0;104.0;108.0;108.0;;;;0;0;-1;-1;1;0;1;1;5.0;4.0;5.0;25.0;2500.0;100.0;2500.0;1;1;;;;;;;;;;0;220.0;313.0;325.0;216.0;312.0;;;;1280.0;1050.0;1250.0;;;24.0;0.16368;0.16368;0.16106112;0.16368;0.16368;1.68;
650440;;36.0;3;Suspenso;4;Desativada (Clichê) Suspensa (Vendas) Suspensa (DETEC);9595;Cód. 80066 - Óleos 12 unidades;;CN;1;;;;;K1G-B;375;0;725;0;1;1;1;2.8800000000000003;74.0;227.0;74.0;30.0;148.0;201.0;148.0;198.0;30;0;0;1;1;0;1;0;3.0;4.0;13.0;25.0;3900.0;156.0;3900.0;0;0;0003;;;;;;;PRETO;314.0;1;145.0;198.0;221.0;375.0;725.0;375.0;349.0;145.0;;;;;34.bmp;37.0;0.271875;0.271875;0.264045;0.271875;0.271875;;0.018977
541910;;63.0;3;Suspenso;3;Suspensa (Vendas) Suspensa (DETEC);9711;CHAPA - 1980 X 542 - VINCADA;;108;0;;;25.0;;A4S-BC;542;0;1980;0;1;1;1;0.0;345.0;197.0;;;;;;;0;0;-1;-1;1;1;0;0;1.0;1.0;1.0;1.0;1.0;1.0;1.0;0;0;;;;;;;;;;0;542.0;1980.0;0.0;542.0;1980.0;;;;;;;;;37.0;1.07316;1.07316;1.07316;1.07316;1.07316;;
619420;;57.0;0;Amostra;3;Suspensa (Vendas) Amostra (DETEC);10643;Salgados;;CN;0;890.0;10.0;;;A11S-BC;449;0;1485;0;1;1;1;2.1;145.0;159.0;145.0;40.0;287.0;437.0;287.0;434.0;40;0;0;1;1;0;1;1;1.0;1.0;16.0;25.0;400.0;16.0;400.0;1;1;;;;;;;;;;0;280.0;430.0;145.0;449.0;1485.0;1.0;1.0;1.0;1.0;1.0;2000.0;679.0;;24.0;0.666765;0.666765;0.652762935;0.666765;0.666765;2e-06;0.0
594231;;7.0;4;Desativada;4;Desativada (Faca) Desativada (DETEC);8694;128522 - FUNDO AUT. MI;;19;1;578.0;7.0;15.0;;A12S-B;722;15;1900;10;1;3;3;0.99;;;;;;;;;0;0;-1;-1;1;1;1;1;1.0;2.0;26.0;25.0;1300.0;52.0;1300.0;1;1;5623;;;;;;;PRETO;216.0;1;373.0;444.0;126.0;707.0;630.0;707.0;630.0;72.0;1420.0;680.0;2022.0;254.0;12.bmp;1.0;0.45726666666666665;0.44541000000000003;0.441000441;1.3718;1.33623;1.952443;0.03207
515720;;;3;Suspenso;3;Suspensa (Vendas) Suspensa (DETEC);9603;CHAPA -  1145 x 520  ;;CH;0;;;;;K1G-B;520;0;1145;0;1;1;1;0.0;;;;;;;;;0;0;-1;-1;1;0;0;0;1.0;1.0;1.0;1.0;1.0;1.0;1.0;0;1;;;;;;;;;;0;520.0;1145.0;0.0;520.0;1145.0;;;;;;;;;37.0;0.5954;0.5954;0.5954;0.5954;0.5954;;
768630;;19.0;2;Ativa;2;Ativa (DETEC);1368;Caixa 72;72;CN;1;437.0;5.0;30.0;;A4-D;871;0;1576;0;1;1;1;1.227365709523449;156.0;559.0;156.0;30.0;312.0;462.0;312.0;460.0;30;0;0;1;1;0;1;1;1.0;2.0;9.0;30.0;540.0;18.0;540.0;1;1;;AMARELO 2;1338.0;;;AZUL 280;2694.0;PRETO;226.0;3;310.0;460.0;555.0;871.0;1576.0;774.0;871.0;130.0;1548.0;900.0;1320.0;593.0;12.bmp;54.0;1.372696;1.372696;1.355848;1.372696;1.372696;1.839024;0.08764
452790;;19.0;4;Desativada;4;Desativada (Faca) Desativada (DETEC);8376;48 x 58 Cm Strong Verde;;CN;0;481.0;6.0;;;B10-B;428;0;1645;10;1;1;1;2.0;156.0;116.0;156.0;30.0;311.0;493.0;311.0;490.0;30;0;0;1;1;0;1;1;1.0;3.0;8.0;25.0;600.0;24.0;600.0;1;1;3988;AZUL 276;;VERDE 317;;;;;;2;308.0;490.0;110.0;428.0;1635.0;;;;1284.0;804.0;1290.0;329.0;;9.0;0.70406;0.69978;0.6857844;0.70406;0.69978;1.331713;
532080;;0.0;4;Desativada;4;Desativada (DETEC);8221;01 Garrafa;;20;0;;;;;B10-B;828;15;1232;10;1;2;2;34.9;;;;;;;;;0;0;-1;-1;1;0;1;1;1.0;2.0;8.0;25.0;400.0;16.0;400.0;1;1;4855;;;;;;;;;0;142.0;343.0;103.0;813.0;611.0;;;;1222.0;813.0;1290.0;;;9.0;0.510048;0.496743;0.323379693;1.020096;0.993486;1.281597;
772162;;39.0;3;Suspenso;3;Suspensa (Vendas) Suspensa (DETEC);13380;BEM+ Berry - Limão - 300ml x 12und (Divisórias);;DIV;0;;;;;A1-B;175;0;1070;0;1;1;1;2.1;62.0;62.0;62.0;63.0;63.0;63.0;;;0;0;-1;-1;1;0;1;1;3.0;2.0;6.0;20.0;720.0;36.0;720.0;1;1;;;;;;;;;;0;200.0;260.0;175.0;250.0;190.0;420.0;313.0;175.0;1252.0;900.0;1240.0;;;240.0;0.18725;0.18725;0.18331775;0.18725;0.18725;1.397232;0.023006
492220;;;3;Suspenso;4;Desativada (Faca) Suspensa (Vendas) Suspensa (DETEC);9774;977708-TFA-17-TPA-MM-V-01-PERDIX.;977708;16;1;461.0;4.8;40.0;;A6S-B;1021;15;1144;10;1;2;2;14.0;;;;;;;;;0;0;-1;-1;1;0;1;1;1.0;2.0;23.0;25.0;1150.0;46.0;1150.0;1;1;3316 ;VERMELHO 485;;;;;;;;1;295.0;430.0;136.0;1006.0;567.0;;;;1200.0;1007.0;1800.0;226.0;;24.0;0.584012;0.570402;0.49054571999999996;1.168024;1.140804;2.17512;
255500;;;4;Desativada;4;Desativada (DETEC);10638;02;;CN;0;;;;;A2-C;1014;0;2044;0;1;1;1;2.0;253.0;508.0;253.0;30.0;504.0;504.0;504.0;502.0;30;0;0;1;1;0;1;0;1.0;1.0;9.0;25.0;225.0;9.0;225.0;0;0;;PRETO;;;;;;;;1;500.0;500.0;500.0;1014.0;2044.0;;;;;;;;;37.0;2.072616;2.072616;2.03116368;2.072616;2.072616;;
680160;;2.0;2;Ativa;4;Desativada (Faca) Desativada (Clichê) Suspensa (Vendas) Ativa (DETEC);8723;Salsicha Congelada Exportação ( TP );;16;1;444.0;5.5;;;A4S-B;974;15;1038;10;1;2;2;16.4;;;;;;;;;0;0;-1;-1;1;0;1;1;2.0;1.0;24.0;25.0;1200.0;48.0;1200.0;1;1;6708;;;;;;;VERMELHO 10;600.0;1;260.0;435.0;118.0;959.0;514.0;959.0;514.0;72.0;1080.0;970.0;1950.0;182.0;21.bmp;21.0;0.505506;0.492926;0.412086136;1.011012;0.985852;2.04282;0.035491
630700;;19.0;1;Desenvolvimento;3;Suspensa (Vendas) Desenvolvimento (DETEC);10790;Caixa Normal (350 x 290 x 230);;CN;0;;;;;K1G-D;526;0;1316;0;1;1;1;2.0;146.0;234.0;146.0;30.0;292.0;352.0;292.0;350.0;30;0;0;1;1;0;1;1;1.0;1.0;1.0;25.0;25.0;1.0;25.0;1;0;;;;;;;;;;0;290.0;350.0;230.0;526.0;1316.0;;;;1.0;1.0;1.0;;23.bmp;54.0;0.692216;0.692216;0.67837168;0.692216;0.692216;0.0;
379730;;52.0;3;Suspenso;3;Suspensa (Vendas) Suspensa (DETEC);5774;Pouch Catchup;;CN;0;;;;;K2-B;342;0;935;0;1;1;1;2.0;86.0;170.0;86.0;30.0;171.0;283.0;171.0;280.0;30;0;0;1;1;0;1;0;3.0;4.0;10.0;25.0;3000.0;120.0;3000.0;1;0;;VERMELHO 485;;AZUL 10;;;;;;2;168.0;280.0;164.0;342.0;935.0;;;;;;;;;47.0;0.31977;0.31977;0.3133746;0.31977;0.31977;;
291090;;55.0;4;Desativada;4;Desativada (Faca) Desativada (DETEC);6219;Arquivo Morto ;;35;0;;;;;B1-B;875;10;684;10;1;1;1;0.0;;;;;;;;;0;0;-1;-1;1;0;1;0;2.0;2.0;10.0;50.0;2000.0;40.0;2000.0;1;0;0105;PRETO;;;;;;;;1;125.0;340.0;240.0;865.0;674.0;;;;;;;;;47.0;0.5985;0.58301;0.58301;0.5985;0.58301;;
546650;;63.0;3;Suspenso;3;Suspensa (Vendas) Suspensa (DETEC);5736;CHAPA - 999 x 640 Vincada;;108;0;;;;;K1G-B;640;0;999;0;1;1;1;0.0;92.0;456.0;92.0;;;;;;0;0;-1;-1;1;0;0;0;1.0;1.0;1.0;1.0;1.0;1.0;1.0;0;0;;;;;;;;;;0;640.0;999.0;0.0;640.0;999.0;;;;999.0;640.0;3.0;;;37.0;0.63936;0.63936;0.63936;0.63936;0.63936;0.001918;
777630;;31.0;0;Amostra;3;Suspensa (Vendas) Amostra (DETEC);1423;EM0120 - Talco;;CN;1;367.0;4.5;40.0;;K1G-B;340;0;819;0;1;1;1;3.296703296703297;87.0;166.0;87.0;30.0;173.0;223.0;173.0;220.0;30;0;0;1;1;0;1;1;2.0;2.0;8.0;25.0;800.0;32.0;800.0;1;1;;;;;;;;;;0;170.0;220.0;160.0;340.0;819.0;396.0;340.0;142.0;1.0;1.0;1.0;98.0;22.bmp;21.0;0.27846;0.27846;0.26927999999999996;0.27846;0.27846;0.0;0.019119
807501;;2.0;2;Ativa;4;Desativada (Faca) Desativada (Clichê) Suspensa (Vendas) Ativa (DETEC);9758;750060-CPO-0453-FDO-MA-C-04-V70;750060;19;1;634.0;9.0;30.0;;A15-C;723;15;2068;10;1;3;3;3.09;;;;;;;;;0;0;-1;-1;1;0;1;1;1.0;2.0;15.0;25.0;750.0;30.0;750.0;1;2;7835-1;;;;;;;PRETO;50.0;1;380.0;470.0;160.0;708.0;686.0;708.0;686.0;100.0;1372.0;820.0;1650.0;298.0;21.bmp;11.0;0.498388;0.48568799999999995;0.4706802407999999;1.495164;1.457064;1.856316;0.048569
422540;;37.0;4;Desativada;4;Desativada (Faca) Desativada (DETEC);6971;20 Kg Tomates (200 mm);;57;0;;;;;A12S-BC;834;20;1164;20;1;1;1;0.0;;;;;;;;;0;0;-1;-1;1;0;1;0;1.0;2.0;14.0;15.0;420.0;28.0;420.0;0;0;3663;AZUL 276;;VERDE 357;;VERMELHO 485;;;;3;369.0;565.0;200.0;814.0;1144.0;;;;;;;;;47.0;0.970776;0.931216;0.931216;0.970776;0.931216;;
502540;;19.0;1;Desenvolvimento;3;Suspensa (Vendas) Desenvolvimento (DETEC);6431;Caixa Normal;;CN;0;;;;;K1G-B;810;0;2039;0;1;1;1;2.0;202.0;406.0;202.0;30.0;403.0;603.0;403.0;600.0;30;0;0;1;1;0;1;1;1.0;1.0;8.0;25.0;200.0;8.0;200.0;1;1;;;;;;;;;;0;400.0;600.0;400.0;810.0;2039.0;;;;1006.0;850.0;1290.0;;;15.0;1.65159;1.65159;1.6185581999999998;1.65159;1.65159;1.103079;
583070;;;3;Suspenso;3;Suspensa (Vendas) Suspensa (DETEC);9935;CHAPA - 1730 x 610 A4S-B ;;CH;0;;;;;A4S-B;610;0;1730;0;1;1;1;0.0;;;;;;;;;0;0;-1;-1;1;0;0;0;1.0;1.0;1.0;1.0;1.0;1.0;1.0;0;0;;;;;;;;;;0;610.0;1730.0;0.0;610.0;1730.0;1350.0;1650.0;3.0;1730.0;610.0;3.0;;;37.0;1.0553;1.0553;1.0553;1.0553;1.0553;0.003166;0.006683
652170;;2.0;3;Suspenso;4;Desativada (Clichê) Suspensa (Vendas) Suspensa (DETEC);9757;341808-CPO-0300-MA-V01;341808;18;1;367.0;4.5;30.0;;K1-C;578;15;1524;10;1;2;2;1.17;;;;;;;;;0;0;-1;-1;1;0;1;1;2.0;2.0;17.0;25.0;1700.0;68.0;1700.0;1;1;3067;;;;;VERMELHO 485;194.0;PRETO;83.0;2;377.0;579.0;85.0;563.0;757.0;757.0;563.0;102.0;1520.0;1140.0;1884.0;154.0;22.bmp;37.0;0.440436;0.426191;0.42120456529999994;0.880872;0.852382;3.264595;0.043471
240790;;;4;Desativada;4;Desativada (DETEC);1900;2000 Master Nova;;CN;0;;;;;K2-B;329;0;1289;0;1;1;1;2.0;99.0;131.0;99.0;30.0;198.0;433.0;198.0;430.0;30;0;0;1;1;0;1;1;3.0;2.0;8.0;25.0;1200.0;48.0;1200.0;1;1;;CINZA 11U;;VERDE 317;;;;;;2;195.0;430.0;125.0;329.0;1289.0;;;;1262.0;1000.0;1290.0;;;24.0;0.424081;0.424081;0.41559937999999996;0.424081;0.424081;1.62798;
364760;;;4;Desativada;4;Desativada (DETEC);1633;300.2549;3002549;CN;1;410.0;4.05;;;A4-C;478;0;1584;0;1;1;1;2.0;165.0;148.0;165.0;30.0;329.0;449.0;329.0;447.0;30;50;0;1;1;0;1;1;1.0;3.0;6.0;25.0;450.0;18.0;450.0;1;1;;AZUL 2;;;;;;;;1;325.0;445.0;140.0;478.0;1584.0;;;;1256.0;1000.0;1305.0;;;24.0;0.757152;0.757152;0.74200896;0.757152;0.757152;1.63908;
436480;;28.0;1;Desenvolvimento;3;Suspensa (Vendas) Desenvolvimento (DETEC);1299;Nº 09;09;CNAR;0;416.0;6.0;;;A2S-B;417;0;1135;0;1;1;1;2.2134186923588883;97.0;223.0;97.0;30.0;197.0;357.0;197.0;354.0;30;0;0;1;1;0;1;1;2.0;2.0;8.0;25.0;800.0;32.0;800.0;1;1;FAZER;VERDE 2;;;;;;;;1;194.0;354.0;217.0;417.0;1135.0;554.0;417.0;150.0;1108.0;834.0;1350.0;193.0;;7.0;0.473295;0.473295;0.462819;0.473295;0.473295;1.247497;0.034653
764010;;59.0;1;Desenvolvimento;3;Suspensa (Vendas) Desenvolvimento (DETEC);10106;020686;;CN;0;;;;;A12-C;514;0;1284;0;1;1;1;2.372813556856613;148.0;218.0;148.0;30.0;294.0;334.0;294.0;332.0;30;0;0;1;1;0;1;1;2.0;3.0;6.0;25.0;900.0;36.0;900.0;0;1;;;;;;;;;;0;290.0;330.0;210.0;514.0;1284.0;628.0;514.0;200.0;1449.0;680.0;1350.0;;;1.0;0.659976;0.659976;0.644316;0.659976;0.659976;1.330182;0.064558
365541;;16.0;4;Desativada;4;Desativada (DETEC);6111;PESCADOS CONG. FD PARDO;;MCNf;0;;8.5;;;A18S-C;321;0;1724;0;1;1;1;0.0;158.0;163.0;;30.0;324.0;524.0;324.0;522.0;30;0;0;1;1;0;1;0;;;;25.0;;;;0;0;;;;;;;;;;0;320.0;520.0;154.0;321.0;1724.0;;;;;;;;;;0.553404;0.553404;0.553404;0.553404;0.553404;;
442000;;;0;Amostra;3;Suspensa (Vendas) Amostra (DETEC);8649;NR - 5 - PP;;CN;0;;;;;A2-C;284;0;964;0;1;1;1;2.0;78.0;128.0;78.0;30.0;154.0;314.0;154.0;312.0;30;0;0;1;1;0;1;1;1.0;1.0;1.0;25.0;25.0;1.0;25.0;1;1;;;;;;;;;;0;150.0;310.0;120.0;284.0;964.0;;;;;;1350.0;;;;0.273776;0.273776;0.26830048;0.273776;0.273776;;
361641;;2.0;4;Desativada;4;Desativada (DETEC);1852;Japão 12 Kg - FD EX 135;;17;0;;4.2;;;A4S-B;845;10;1332;10;1;2;2;0.0;;;;;;;;;0;0;-1;-1;1;1;1;0;2.0;2.0;20.0;25.0;2000.0;80.0;2000.0;1;0;FAZER;;;;;;;;;0;260.0;392.0;135.0;835.0;661.0;;;;;;;;;47.0;0.56277;0.551935;0.551935;1.12554;1.10387;;
666853;;46.0;0;Amostra;3;Suspensa (Vendas) Amostra (DETEC);11677;DIV  POTE 1 KG PASTA AMENDOIM;;DIV;0;;;;;K2-B;110;0;908;0;1;1;1;0.0;129.0;129.0;129.0;130.0;130.0;;;;0;0;-1;-1;1;0;0;0;1.0;1.0;1.0;0.0;0.0;1.0;0.0;0;0;;;;;;;;;;0;262.0;390.0;132.0;;;;;;;;;;;;0.09988;0.09988;0.09988;0.09988;0.09988;;
828090;;11.0;3;Suspenso;4;Desativada (Faca) Desativada (Clichê) Suspensa (Vendas) Suspensa (DETEC);9104;Cx. Morangos Rizzotto Manual;;34;1;;6.5;;;A3-B;657;15;1530;15;1;3;3;26.55;;;;;;;;;0;0;-1;-1;1;0;1;1;2.0;2.0;8.0;50.0;1600.0;32.0;1600.0;1;1;6776;;;VERDE 342;351.0;VERMELHO 11;76.0;;;2;220.0;320.0;70.0;642.0;505.0;642.0;505.0;150.0;1284.0;1010.0;1350.0;;22.bmp;24.0;0.33507;0.32421;0.23813224499999996;1.00521;0.97263;1.750734;0.048632
372150;;9.0;4;Desativada;4;Desativada (DETEC);5935; F 23 - Queijo Minas;F-23;CN;1;455.0;4.5;40.0;;A4-C;354;0;884;0;1;1;1;2.0;108.0;138.0;108.0;30.0;214.0;214.0;214.0;212.0;30;0;0;1;1;0;1;1;3.0;3.0;6.0;25.0;1350.0;54.0;1350.0;1;1;0003;;;;;;;PRETO;;1;210.0;210.0;130.0;354.0;884.0;;;;1284.0;1062.0;1305.0;139.0;;24.0;0.312936;0.312936;0.30667728;0.312936;0.312936;1.779508;
754270;;33.0;0;Amostra;4;Desativada (Faca) Suspensa (Vendas) Amostra (DETEC);11582;CAIXA - QUINTA TINTO SUAVE 750 ml;;27;1;367.0;4.5;40.0;;K1G-B;1130;15;1582;10;1;3;3;5.1;;;;;;;;;0;0;-1;-1;1;0;0;1;1.0;2.0;8.0;50.0;800.0;16.0;800.0;1;1;7166;;;;;;;;;0;222.0;296.0;304.0;1115.0;524.0;1115.0;524.0;142.0;1200.0;1100.0;1330.0;203.0;12.BMP;53.0;0.5958866666666667;0.58426;0.55446274;1.78766;1.75278;1.7556;0.082965
891440;;9.0;1;Desenvolvimento;3;Suspensa (Vendas) Desenvolvimento (DETEC);1667;4002400 - CAIXA LEITE UHT INT O% LACT TETRA-FV-PLT - V01 ;;27;1;505.0;7.0;50.0;;K10-B;950;15;1598;10;1;4;4;2.3;;;;;;;;;0;0;-1;-1;1;0;0;1;1.0;3.0;7.0;50.0;1050.0;21.0;1050.0;1;1;;;;;;;;;;0;226.0;288.0;216.0;935.0;397.0;935.0;397.0;150.0;1200.0;1000.0;1250.0;183.0;13.bmp;236.0;0.379525;0.371195;0.362657515;1.5181;1.48478;1.5;0.055679
782780;;9.0;0;Amostra;3;Suspensa (Vendas) Amostra (DETEC);1428;FRASCO 1250 ( 12 unidades );;CN;1;358.0;4.5;40.0;;K1G-D;545;0;1436;0;1;1;1;3.47244094488189;151.0;243.0;151.0;30.0;302.0;402.0;302.0;400.0;30;0;0;1;1;0;1;1;1.0;1.0;11.0;25.0;275.0;11.0;275.0;1;1;;;;;;;;;;0;300.0;400.0;239.0;545.0;1436.0;704.0;545.0;100.0;1.0;1.0;1.0;270.0;23.bmp;24.0;0.78262;0.78262;0.7554439826771653;0.78262;0.78262;0.0;0.038368
659682;;33.0;2;Ativa;3;Suspensa (Vendas) Ativa (DETEC);1880;Divisões Montadas;;DIV;1;377.0;4.5;40.0;;K1G-B;172;0;1041;0;1;1;1;1.0;61.0;61.0;61.0;61.0;61.0;61.0;;;0;0;-1;-1;1;0;1;1;4.0;5.0;7.0;30.0;4200.0;140.0;4200.0;1;1;;;;;;;;;;0;186.0;249.0;172.0;172.0;1054.0;;;;1100.0;1200.0;1350.0;66.0;45.bmp;53.0;0.179052;0.179052;0.17726148;0.179052;0.179052;1.782;
821230;;2.0;0;Amostra;3;Suspensa (Vendas) Amostra (DETEC);13472;77682 - V02;;16;1;406.0;4.5;25.0;;K2-B;716;15;488;10;1;1;1;2.3;;;;;;;;;0;0;-1;-1;1;0;1;1;2.0;2.0;8.0;50.0;1600.0;32.0;1600.0;1;1;Fazer;;;VIOLETA 261;;;;;;1;377.0;463.0;51.0;701.0;478.0;701.0;478.0;150.0;1200.0;1200.0;1370.0;127.0;2x2(maça).bmp;238.0;0.349408;0.335078;0.32737120599999997;0.349408;0.335078;1.9728;0.050262
593620;;;4;Desativada;4;Desativada (Faca) Desativada (DETEC);10322;ALT1 - Ovinos;;16;1;490.0;6.0;;;A9S-B;1159;15;1322;10;1;2;2;9.2;;;;;;;;;0;0;-1;-1;1;0;1;1;1.0;1.0;25.0;25.0;625.0;25.0;625.0;1;1;2546;;;;;VERMELHO 201;;PRETO;;2;394.0;582.0;130.0;1144.0;656.0;1144.0;656.0;75.0;1144.0;800.0;2025.0;340.0;11.bmp;7.0;0.766099;0.750464;0.681421312;1.532198;1.500928;1.85328;0.056285
738731;;21.0;1;Desenvolvimento;3;Suspensa (Vendas) Desenvolvimento (DETEC);12845;CAT 2 Fundo;;MCNf;0;;;;;A15S-C;421;0;1624;0;1;1;1;1.2242139873395506;264.0;157.0;;30.0;314.0;484.0;314.0;482.0;30;0;0;1;1;0;1;1;2.0;2.0;6.0;25.0;600.0;24.0;600.0;1;1;;;;;;;;;;0;310.0;480.0;260.0;421.0;1624.0;798.0;421.0;206.0;1220.0;1220.0;1362.0;;2x2(maça).bmp;238.0;0.683704;0.683704;0.675334;0.683704;0.683704;2.027201;0.069207
665450;;0.0;1;Desenvolvimento;3;Suspensa (Vendas) Desenvolvimento (DETEC);1290;6 Misturinha;;CN;0;421.0;4.5;;;B1S-B;230;0;919;0;1;1;1;2.0;72.0;86.0;72.0;30.0;143.0;303.0;143.0;300.0;30;0;0;1;1;0;1;1;5.0;2.0;8.0;25.0;2000.0;80.0;2000.0;1;1;;AZUL CS 351;;;;;;;;1;140.0;300.0;80.0;230.0;919.0;446.0;230.0;145.0;1200.0;800.0;1310.0;87.0;42.bmp;9.0;0.21137;0.21137;0.2071426;0.21137;0.21137;1.2576;0.014874
806540;;46.0;0;Amostra;3;Suspensa (Vendas) Amostra (DETEC);1442;32 - Aces. acoplado;32;124;1;446.0;6.0;40.0;;A3-B;471;0;1099;0;1;1;1;4.87;108.0;131.0;106.0;30.0;215.0;321.0;215.0;318.0;30;0;0;1;1;0;1;1;;;8.0;25.0;;;;1;1;FAZER;;;;;;;;;0;212.0;318.0;125.0;471.0;1099.0;536.0;471.0;150.0;;;1350.0;220.0;;24.0;0.517629;0.517629;0.49242046770000003;0.517629;0.517629;;0.037868
222970;;;4;Desativada;4;Desativada (Faca) Desativada (DETEC);1313;180-S - 277150 | V-6;277150;16;1;;;12.0;;A6S-B;802;10;1572;10;1;2;2;2.42;;;;;;;;;0;0;-1;-1;1;1;1;1;2.0;1.0;22.0;25.0;1100.0;44.0;1100.0;1;1;0430;PRETO;;;;;;;;1;375.0;590.0;96.0;792.0;781.0;;;;1562.0;800.0;1717.0;280.0;;13.0;0.630372;0.618552;0.6035830416;1.260744;1.237104;2.145563;
791900;;19.0;2;Ativa;4;Desativada (Faca) Desativada (Clichê) Suspensa (Vendas) Ativa (DETEC);5478;38 x 48 Média Ninus - Tarja Azul;;CN;0;;4.5;;;A1-B;394;0;1109;0;1;1;1;5.0;134.0;126.0;134.0;30.0;268.0;273.0;268.0;270.0;30;0;0;1;1;0;1;1;2.0;3.0;8.0;25.0;1200.0;48.0;1200.0;1;1;7479;;;AZUL 261;625.0;;;;;1;265.0;270.0;120.0;394.0;1109.0;541.0;394.0;142.0;1200.0;1082.0;1290.0;;23.bmp;24.0;0.436946;0.436946;0.4150987;0.436946;0.436946;1.674936;0.030268
727400;;74.0;0;Amostra;3;Suspensa (Vendas) Amostra (DETEC);12685;eBOX 51;;20;1;;;;;A4S-D;921;15;989;10;1;1;1;13.3;;;;;;;;;0;0;-1;-1;1;0;1;0;;;;25.0;;;;0;0;FAZER;;;;;;;;;0;354.0;520.0;86.0;906.0;979.0;979.0;906.0;72.0;;;;;;37.0;0.910869;0.886974;0.769006458;0.910869;0.886974;;0.063862
374562;;;4;Desativada;4;Desativada (DETEC);1756;ACESSORIO AGUA SANITARIA;;40;0;446.0;4.5;;;A4-B;285;0;1068;0;1;3;3;0.0;;;;;;;;;0;0;-1;-1;1;0;1;1;3.0;4.0;8.0;50.0;4800.0;96.0;4800.0;0;1;;;;;;;;;;0;236.0;360.0;285.0;285.0;356.0;;;;1200.0;1068.0;1350.0;;;24.0;0.10146;0.10146;0.10146;0.30438;0.30438;1.73016;
510360;;46.0;0;Amostra;3;Suspensa (Vendas) Amostra (DETEC);1163;Bombom - 2 x 3 x 5 - Onda Dupla;;CN;1;715.0;7.5;;;A2-BC;622;0;1455;0;1;1;1;2.0;164.0;294.0;164.0;30.0;325.0;389.0;325.0;386.0;30;50;0;1;1;0;1;0;1.0;1.0;1.0;25.0;25.0;1.0;25.0;0;0;;;;;;;;;;0;318.0;382.0;280.0;622.0;1455.0;;;;;;;751.0;;62.0;0.90501;0.90501;0.8869098;0.90501;0.90501;;
817660;;16.0;1;Desenvolvimento;3;Suspensa (Vendas) Desenvolvimento (DETEC);5927;Tampo 15kg - A3-B;;16;1;446.0;5.0;30.0;;A3-B;1132;15;1912;10;1;3;3;7.5;;;;;;;;;0;0;-1;-1;1;0;1;1;1.0;2.0;16.0;25.0;800.0;32.0;800.0;1;1;6103;;;;;;;;;0;375.0;562.0;130.0;1117.0;634.0;1117.0;634.0;75.0;1268.0;1200.0;1350.0;292.0;12.bmp;42.0;0.7214613333333334;0.7081780000000001;0.6550646500000001;2.164384;2.124534;2.05416;0.053113
471171;;7.0;0;Amostra;3;Suspensa (Vendas) Amostra (DETEC);5269;CARNE BOVINA 25 KG (FUNDO 150);;17;0;;;15.0;;A12S-C;1036;20;1770;20;1;2;2;6.1;;;;;;;;;0;0;-1;-1;1;1;1;0;1.0;2.0;11.0;25.0;550.0;22.0;550.0;0;0;FAZER;;;;;;;;;0;368.0;575.0;150.0;1016.0;875.0;;;;;;;;;18.0;0.91686;0.889;0.834771;1.83372;1.778;;
475470;;1.0;1;Desenvolvimento;3;Suspensa (Vendas) Desenvolvimento (DETEC);1862;Nº 4 Ovos Cong. M. Inteiro;4;CN;1;640.0;7.0;12.0;;A15S-C;579;0;1224;0;1;1;1;2.0;150.0;279.0;150.0;30.0;299.0;299.0;299.0;297.0;30;0;0;1;1;1;1;1;1.0;1.0;1.0;25.0;25.0;1.0;25.0;1;1;FAZER;VERMELHO 485;;;;;;;;1;295.0;295.0;271.0;579.0;1224.0;;;;1.0;1.0;1.0;444.0;;15.0;0.708696;0.708696;0.6945220799999999;0.708696;0.708696;0.0;
536770;;;3;Suspenso;3;Suspensa (Vendas) Suspensa (DETEC);9558;CHAPA - 1320 x 758 Vincada ;;108;1;;;;;K1G-B;758;0;1320;0;1;1;1;0.0;142.0;474.0;142.0;;;;;;0;0;-1;-1;1;0;0;0;1.0;1.0;1.0;1.0;1.0;1.0;1.0;0;0;;;;;;;;;;0;758.0;1320.0;0.0;758.0;1320.0;;;;;;;;;37.0;1.00056;1.00056;1.00056;1.00056;1.00056;;
489550;;49.0;4;Desativada;4;Desativada (DETEC);6191;Cx Alho Cristal BRANCA;;112;0;;;;;B11-BC;479;0;1425;0;1;1;1;7.0;145.0;189.0;145.0;40.0;297.0;397.0;297.0;394.0;40;0;0;1;1;0;1;1;2.0;2.0;5.0;15.0;300.0;20.0;300.0;1;1;3820;VIOLETA 261;;VERDE 13;;;;;;2;290.0;390.0;175.0;479.0;1425.0;;;;1400.0;1000.0;1185.0;;;26.0;0.682575;0.682575;0.63479475;0.682575;0.682575;1.659;
910380;;55.0;0;Amostra;0;Amostra (DETEC);6000;Aualys - 2400;;CN;0;400.0;4.0;;;B1-B;524;0;1427;0;1;1;1;2.2964956108207577;159.0;206.0;159.0;30.0;319.0;381.0;319.0;378.0;30;0;0;1;1;0;1;1;2.0;2.0;8.0;25.0;800.0;32.0;800.0;1;1;;;;;;;;;;0;316.0;378.0;200.0;524.0;1427.0;700.0;524.0;142.0;1224.0;1224.0;1350.0;292.0;2x2(maça).bmp;42.0;0.747748;0.747748;0.730576;0.747748;0.747748;2.022538;0.052086
815630;;0.0;2;Ativa;4;Desativada (Clichê) Suspensa (Vendas) Ativa (DETEC);1639;Display Like Snack;;CN;1;369.0;4.5;40.0;;A1-B;366;0;1149;0;1;1;1;3.0175919188460383;119.0;128.0;119.0;30.0;238.0;323.0;238.0;320.0;30;0;0;1;1;0;1;1;2.0;3.0;8.0;25.0;1200.0;48.0;1200.0;1;1;;;;;;;;PRETO;675.0;1;235.0;320.0;122.0;366.0;1149.0;561.0;366.0;150.0;1200.0;1098.0;1350.0;150.0;32.bmp;24.0;0.420534;0.420534;0.407844;0.420534;0.420534;1.77876;0.030799
816020;;12.0;2;Ativa;2;Ativa (DETEC);1188;NR.03 - A3-C;3;CN;1;458.0;6.5;;;A3-C;442;0;1404;0;1;1;1;2.210233205708319;127.0;188.0;127.0;30.0;254.0;434.0;254.0;432.0;30;0;0;1;1;0;1;1;2.0;2.0;6.0;25.0;600.0;24.0;600.0;1;1;;AMARELO 04;16.0;VERDE 357;451.0;VERMELHO 485;265.0;;;3;250.0;430.0;180.0;442.0;1404.0;688.0;442.0;200.0;1200.0;1200.0;1350.0;278.0;2x2(maça).bmp;42.0;0.620568;0.620568;0.606852;0.620568;0.620568;1.944;0.060819
460320;;29.0;0;Amostra;3;Suspensa (Vendas) Amostra (DETEC);1870;MK-160 - NOVA;;CN;0;;;;;K1G-B;1000;0;909;0;1;1;1;2.0;92.0;816.0;92.0;30.0;183.0;258.0;183.0;255.0;30;0;0;1;1;0;1;1;1.0;1.0;1.0;25.0;25.0;1.0;25.0;1;0;;;;;;;;;;0;180.0;255.0;810.0;1000.0;909.0;;;;1.0;1.0;1.0;;;21.0;0.909;0.909;0.8908200000000001;0.909;0.909;0.0;
889980;;59.0;0;Amostra;3;Suspensa (Vendas) Amostra (DETEC);10769;3;3;CN;0;446.0;6.0;30.0;;A3-B;468;0;1079;0;1;1;1;2.694802880159692;126.0;216.0;126.0;30.0;253.0;273.0;253.0;270.0;30;0;0;1;1;0;1;1;3.0;2.0;8.0;25.0;1200.0;48.0;1200.0;1;1;;;;;;;;;;0;250.0;270.0;210.0;468.0;1079.0;526.0;468.0;150.0;1404.0;1140.0;1350.0;219.0;32.BMP;35.0;0.504972;0.504972;0.49136399999999997;0.504972;0.504972;2.160756;0.036925
329341;;;4;Desativada;4;Desativada (DETEC);1599;18 Kg.Maca Agranel;;;0;;;;;A11S-BC;409;0;1635;0;1;1;1;0.0;161.0;248.0;0.0;485.0;317.0;487.0;316.0;30.0;0;0;1;1;1;0;1;1;;;;15.0;;;;0;0;;;;;;;;;;0;310.0;480.0;242.0;;;;;;;;;;;;0.668715;0.668715;0.668715;0.668715;0.668715;;
447290;;2.0;4;Desativada;4;Desativada (DETEC);1820;971392 - CB-79.1 - V-50;971392;CN;1;510.0;6.0;40.0;;A9S-C;383;0;994;0;1;1;1;2.0;110.0;163.0;110.0;30.0;219.0;264.0;219.0;262.0;30;50;0;1;1;0;1;1;2.0;3.0;5.0;25.0;750.0;30.0;750.0;1;1;;AZUL 2;;;;;;;;1;215.0;260.0;155.0;383.0;994.0;;;;1149.0;970.0;1112.0;190.0;;21.0;0.380702;0.380702;0.37308796;0.380702;0.380702;1.239357;
899470;;9.0;1;Desenvolvimento;3;Suspensa (Vendas) Desenvolvimento (DETEC);13217;541154 - CX MINAS FRESCAL 360g - 8 UNID;;CN;1;;6.5;15.0;;A10-B;342;0;979;0;1;1;1;2.9102378008350804;118.0;106.0;118.0;30.0;238.0;238.0;238.0;235.0;30;50;0;1;1;1;1;1;4.0;2.0;8.0;25.0;1600.0;64.0;1600.0;1;1;;< A DEFINIR >;;;;;;;;1;235.0;235.0;100.0;342.0;979.0;476.0;342.0;150.0;1368.0;1000.0;1350.0;;24.bmp;109.0;0.334818;0.334818;0.32507400000000003;0.334818;0.334818;1.8468;0.024419
779601;;8.0;2;Ativa;3;Suspensa (Vendas) Ativa (DETEC);9642;564171-V00/GP-Rv.1/SUÍNOS/PTE;564171;17;1;446.0;6.0;18.0;;A3-B;983;15;1645;10;1;3;3;11.2;;;;;;;;;0;0;-1;-1;1;1;1;1;1.0;2.0;27.0;25.0;1350.0;54.0;1350.0;1;1;7442-1;;;;;;;PRETO;50.0;1;342.0;525.0;100.0;968.0;545.0;545.0;968.0;75.0;1200.0;1000.0;2175.0;209.0;12.bmp;24.0;0.5390116666666667;0.52756;0.46847328000000005;1.617035;1.58268;2.61;0.039567
382730;;2.0;4;Desativada;4;Desativada (DETEC);1825;EXPORT. TP;;16;0;;;;;K2-B;1094;10;1210;10;1;2;2;9.4;;;;;;;;;0;0;-1;-1;1;0;1;0;;;;25.0;;;;0;0;FAZER;;;;;;;;;0;309.0;468.0;145.0;1084.0;600.0;;;;;;;;;;0.66187;0.6504;0.5892624;1.32374;1.3008;;
749490;;20.0;2;Ativa;4;Desativada (Clichê) Suspensa (Vendas) Ativa (DETEC);11572;016159 - LQ. PLQ 1010 UNIF - REV.2;;CN;1;;4.1;;;A1-B;892;0;1925;0;1;1;1;1.1730242851319084;188.0;516.0;188.0;30.0;376.0;573.0;376.0;570.0;30;0;0;1;1;0;1;1;1.0;1.0;8.0;25.0;200.0;8.0;200.0;1;1;;;;;;;;PRETO;2948.0;1;373.0;570.0;510.0;892.0;1925.0;949.0;892.0;142.0;1240.0;900.0;1290.0;;11.BMP;16.0;1.7171;1.7171;1.6969580000000002;1.7171;1.7171;1.43964;0.120204
444120;;2.0;4;Desativada;4;Desativada (DETEC);1229;815055 - CP-42 - V-54;815055;CN;1;980.0;11.0;45.0;472.5;A12S-BC;504;0;1385;0;1;1;1;2.0;145.0;214.0;145.0;40.0;287.0;387.0;287.0;384.0;40;50;0;1;1;0;1;1;2.0;2.0;6.0;15.0;360.0;24.0;360.0;1;1;;PRETO;;;;;;;;1;280.0;380.0;200.0;504.0;1375.0;;;;1400.0;1008.0;1302.0;670.0;;26.0;0.69804;0.69804;0.6840792;0.69804;0.69804;1.837382;
732670;;7.0;0;Amostra;3;Suspensa (Vendas) Amostra (DETEC);1425;15 Kg - Tampo Automático;;18;1;504.0;6.0;40.0;;A10-B;599;15;903;10;1;1;1;5.2;;;;;;;;;0;0;-1;-1;1;0;1;1;2.0;1.0;16.0;25.0;800.0;32.0;800.0;1;1;Fazer;;;;;;;;;0;267.0;570.0;156.0;584.0;893.0;893.0;584.0;75.0;1240.0;900.0;1350.0;249.0;21.bmp;16.0;0.540897;0.521512;0.49439337599999994;0.540897;0.521512;1.5066;0.039113
528920;;;3;Suspenso;3;Suspensa (Vendas) Suspensa (DETEC);9603;CHAPA - 1720 x 1153 - VINCADA;;108;0;;;;;A2-BC;1153;0;1720;0;1;1;1;0.0;289.0;575.0;289.0;;;;;;0;0;-1;-1;1;0;0;0;1.0;1.0;1.0;1.0;1.0;1.0;1.0;0;0;;;;;;;;;;0;1153.0;1720.0;0.0;1153.0;1720.0;;;;;;;;;37.0;1.98316;1.98316;1.98316;1.98316;1.98316;;
826610;;46.0;0;Amostra;3;Suspensa (Vendas) Amostra (DETEC);11901;Paçoquinha B1-B;;35;0;419.0;5.0;40.0;;B1-B;560;15;706;10;1;1;1;10.29;;;;;;;;;0;0;-1;-1;1;0;1;1;;;8.0;50.0;;;;1;1;82660-0;;;;;;;;;0;160.0;355.0;85.0;545.0;696.0;696.0;545.0;150.0;;;1350.0;143.0;;24.0;0.39536;0.37932;0.340287972;0.39536;0.37932;;0.056898
284181;;7.0;4;Desativada;4;Desativada (Faca) Desativada (DETEC);8585;616967 - Nº 02 - 15 Kgs Fdo Mato Leitão;;57;0;;;;;A12S-BC;1204;20;923;15;2;1;2;0.0;;;;;;;;;0;0;-1;-1;1;1;1;1;1.0;2.0;12.0;15.0;360.0;24.0;360.0;1;1;2137-1;;;;;;;;;0;355.0;530.0;100.0;592.0;908.0;;;;1240.0;908.0;1302.0;;;16.0;0.555646;0.537536;0.537536;1.111292;1.075072;1.465948;
331120;;;4;Desativada;4;Desativada (Faca) Desativada (DETEC);6656;Leite Desnatado 6 Unid.Balance;;;0;;;;;K2-B;967;10;790;10;1;3;3;0.0;0.0;0.0;0.0;0.0;0.0;0.0;0.0;0.0;0;0;1;1;1;0;1;0;;;;25.0;;;;0;0;2911;VERMELHO 485;;AZUL 295C;;AZUL 18;;;;3;150.0;220.0;204.0;;;;;;;;;;;;0.25464333333333333;0.24882;0.24882;0.76393;0.74646;;
691280;;23.0;4;Desativada;4;Desativada (Faca) Desativada (Clichê) Desativada (DETEC);12068;Linguiças 10 Kg;;57;1;634.0;8.0;12.0;;A15-B;708;15;1792;10;1;2;2;7.32;;;;;;;;;0;0;-1;-1;1;1;1;1;2.0;1.0;16.0;25.0;800.0;32.0;800.0;1;1;4339;AMARELO 18;;;;VERMELHO 10;;PRETO;;3;230.0;380.0;180.0;693.0;891.0;;;;1000.0;1400.0;1310.0;362.0;;26.0;0.634368;0.617463;0.5722647084;1.268736;1.234926;1.834;
706740;;55.0;3;Suspenso;4;Desativada (Clichê) Suspensa (Vendas) Suspensa (DETEC);9714;620564 -Arquivo Morto material construtivo-V-73;620564;CN;1;568.0;6.5;40.0;300.0;A12S-B;630;0;1701;0;1;1;1;1.8694885361552027;187.0;256.0;187.0;30.0;374.0;463.0;374.0;460.0;30;0;0;1;1;0;1;1;1.0;2.0;8.0;25.0;400.0;16.0;400.0;1;1;;;;;;;;PRETO;237.0;1;371.0;460.0;250.0;630.0;1701.0;837.0;630.0;140.0;1260.0;837.0;1350.0;596.0;12.bmp;9.0;1.07163;1.07163;1.051596;1.07163;1.07163;1.423737;0.073823
487432;;46.0;3;Suspenso;3;Suspensa (Vendas) Suspensa (DETEC);10540;DOCE DE BATATA (CV)-separador em Z;;45;0;;;;;A1S-D;300;0;988;0;4;2;8;0.0;;;;83.0;328.0;83.0;;;0;0;-1;-1;1;0;1;1;2.0;16.0;10.0;50.0;16000.0;320.0;16000.0;0;1;;;;;;;;;;0;167.0;330.0;77.0;75.0;494.0;493.0;75.0;100.0;1200.0;1000.0;1150.0;;;24.0;0.03705;0.03705;0.03705;0.2964;0.2964;1.38;0.003698
